"Sl. No.","Month","Payment Date","Bonus Payment Date"
"1","April","30-04-2015","15-04-2015"
"2","May","29-05-2015","15-05-2015"
"3","June","30-06-2015","15-06-2015"
"4","July","31-07-2015","15-07-2015"
"5","August","31-08-2015","19-08-2015"
"6","September","30-09-2015","15-09-2015"
"7","October","30-10-2015","15-10-2015"
"8","November","30-11-2015","18-11-2015"
"9","December","31-12-2015","15-12-2015"
"10","January","29-01-2016","15-01-2016"
"11","February","29-02-2016","15-02-2016"
"12","March","31-03-2016","15-03-2016"
